it_category,claude_tier,title,close_date,pub_date,buyer,gsin,unspsc,category,contact_email,notice_url,why_it
"Cloud, data and analytics",Unlikely,Trade and Transportation Information System (TTIS) Modernization,2026-09-18T14:00:00,2026-09-03,Department of Transport (TC),,"*Database design
*Database management as a service",*SRV,tania.cantin@tc.gc.ca,,"Cloud, data and analytics: database"
"Cloud, data and analytics",Unlikely,RFP_IT_Maximo Spare Parts Tool_Phase 1_2026,2026-10-15T14:00:00,2026-09-03,Canada Post Corporation,,,*SRV,tender.control@canadapost.ca,https://www.merx.com/public/solicitations/4079597514/abstract?language=EN,"Cloud, data and analytics: cloud, dashboard"
IT infrastructure and operations,Strong fit,Letter of Interest / Advance Notice to Industry Multidisciplinary Environmental Services RFSO,2026-09-30T13:00:00,2026-09-03,Department of Public Works and Government Services (PSPC),,"*Environmental impact assessment
*Environmental Impact Assessment EIA services
*Environmental monitoring
*Environmental advisory services
*Environmental rehabilitation
*Environmental decontamination services
*Architectural engineering
*Restoration architectural service",*SRV,nafissa.diop@pwgsc-tpsgc.gc.ca,,IT infrastructure and operations: storage
IT infrastructure and operations,Possible fit,APC UPS & Network Card for Fisheries and Oceans Canada,2026-09-12T14:00:00,2026-09-03,Shared Services Canada,*5164CW,,*CNST,,,IT infrastructure and operations: network
IT infrastructure and operations,Unlikely,INVITATION TO SUBMIT AN EXPRESSION OF INTEREST (EOI) - Office Space,2026-09-29T19:00:00,2026-09-03,Department of Public Works and Government Services (PSPC),,*Lease and rental of property or building,*SRV,leon.lam@pwgsc-tpsgc.gc.ca,,"IT infrastructure and operations: storage, telecommunication"
